,club-names,image-link-src,,,,
,Active Minds Student Chapter at CAMHS,/upload/harvard/2022/s2_image_upload_2380271_Harvard_University_2048x2048_109234150.png,,,,
,Adams House Committee,/images/default_club_logo_square.png,,,,
,Advocating Success for Kids,/images/default_club_logo_square.png,,,,
,All House Committee,/images/default_club_logo_square.png,,,,
,Alpha Omega Christian Club: Harvard Undergraduate├é┬áChapter,/images/default_club_logo_square.png,,,,
,Asian American Brotherhood,/images/default_club_logo_square.png,,,,
,Asian American Dance Troupe (AADT),/upload/harvard/2022/s2_image_upload_2391073_272372137_472116581236197_1493944240657761901_n_919125537.png,,,,
,Asian Baptist Student Koinonia,/images/default_club_logo_square.png,,,,
,Association of Black Harvard Women,/upload/harvard/2022/s2_image_upload_2381065_IMG_3040_2_9412630.png,,,,
,Athlete Ally: Harvard College Chapter,/images/default_club_logo_square.png,,,,
,Bach Society Orchestra,/images/default_club_logo_square.png,,,,
,Bengali Association of Students at Harvard,/upload/harvard/2022/s2_image_upload_2381392_IMG_2636JPG_817215722.jpeg,,,,
,Black Community and Student Theater,/upload/harvard/2022/s2_image_upload_2381283_blackcast_logo_81516231.jpeg,,,,
,Brattle Street Chamber Players,/upload/harvard/2022/s2_image_upload_2380340_Brattle_logo_black_92022219.png,,,,
,Cabot House Committee,/images/default_club_logo_square.png,,,,
,Cambridge Queen's Head,/images/default_club_logo_square.png,,,,
,Camp Kesem Harvard Undergraduate,/images/default_club_logo_square.png,,,,
,Catholic Student Association,/upload/harvard/2022/s2_image_upload_2380310_CSALogo_9714573.jpeg,,,,
,Center for European Studies Student Society,/images/default_club_logo_square.png,,,,
,Chinese Cultural Card Games Club,/images/default_club_logo_square.png,,,,
,Christians on Campus,/upload/harvard/2022/s2_image_upload_2382108_HCOClogojpg_92314254.jpeg,,,,
,Circle of Women Harvard College,/images/default_club_logo_square.png,,,,
,CityStep,/upload/harvard/2022/s2_image_upload_2380317_citystep_logo_10923271.png,,,,
,Class Committee,/images/default_club_logo_square.png,,,,
,Climbing Wall,/images/default_club_logo_square.png,,,,
,Club Sports Office,/images/default_club_logo_square.png,,,,
,College Events Board,/images/default_club_logo_square.png,,,,
,Common Spaces,/images/default_club_logo_square.png,,,,
,Computational Bio,/images/default_club_logo_square.png,,,,
,Concilio Latino de Harvard,/upload/harvard/2022/s2_image_upload_2381928_Screen_Shot_20221010_at_183438_101018374.png,,,,
,Constitutional Law Society,/images/default_club_logo_square.png,,,,
,Contact Peer Counseling,/images/default_club_logo_square.png,,,,
,Crescendo for a Cause: Harvard Undergraduate Chapter,/upload/harvard/2022/s2_image_upload_2380327_Crescendo_for_a_Cause_Purple_and_Red_Logo_1014194835.jpeg,,,,
,Crimson After Dark,/images/default_club_logo_square.png,,,,
,Crimson Dance Team,/images/default_club_logo_square.png,,,,
,Crimson Key Society,/upload/harvard/2022/s2_image_upload_2380331_keylogo1_95124441.png,,,,
,CrimsonEMS,/images/default_club_logo_square.png,,,,
,Currier House Committee,/images/default_club_logo_square.png,,,,
,Datamatch,/images/default_club_logo_square.png,,,,
,Dharma: Harvard's Hindu Students Association,/images/default_club_logo_square.png,,,,
,Diversity Peer Educators,/images/default_club_logo_square.png,,,,
,Dudley Co-op,/images/default_club_logo_square.png,,,,
,Dudley House Committee,/images/default_club_logo_square.png,,,,
,Dunster House Committee,/images/default_club_logo_square.png,,,,
,Eating Concerns Hotline and Outreach,/images/default_club_logo_square.png,,,,
,Eleganza,/images/default_club_logo_square.png,,,,
,Eliot House Committee,/images/default_club_logo_square.png,,,,
,Eritrean and Ethiopian Students Association,/upload/harvard/2022/s2_image_upload_2381316_outputonlinepngtools_914121530.png,,,,
,Expressions Dance Company,/images/default_club_logo_square.png,,,,
,Fall Clean-Up,/images/default_club_logo_square.png,,,,
,Fallen Angels,/upload/harvard/2022/s2_image_upload_2381359_profile_811141522.png,,,,
,FIG. Magazine,/images/default_club_logo_square.png,,,,
,First Year Retreat and Experience,/images/default_club_logo_square.png,,,,
,First-Year Arts Program,/images/default_club_logo_square.png,,,,
,First-Year International Program,/images/default_club_logo_square.png,,,,
,First-Year Musical,/images/default_club_logo_square.png,,,,
,First-Year Outdoor Program (FOP),/images/default_club_logo_square.png,,,,
,First-Year Social Committee,/images/default_club_logo_square.png,,,,
,First-Year Urban Program,/images/default_club_logo_square.png,,,,
,Food Literacy Project,/images/default_club_logo_square.png,,,,
,Foundation for International Medical Relief of Children - Harvard College,/images/default_club_logo_square.png,,,,
,Friends of Project Sunshine,/images/default_club_logo_square.png,,,,
,Fuerza Latina,/images/default_club_logo_square.png,,,,
,Gender Inclusivity in Math,/images/default_club_logo_square.png,,,,
,Generational African American Students Association,/upload/harvard/2022/s2_image_upload_2388461_GAASA_Logojpg_949536.jpeg,,,,
,Green Medicine Initiative,/images/default_club_logo_square.png,,,,
,Greener Scott Scholars Mentorship Program,/upload/harvard/2022/s2_image_upload_2381265_GSS_logojpg_921161030.jpeg,,,,
,Group for Undergraduate Students in Statistics at Harvard College,/images/default_club_logo_square.png,,,,
,HAA Student-Alumni Engagement Committee,/images/default_club_logo_square.png,,,,
,HackHarvardCollege,/upload/harvard/2022/s2_image_upload_2380383_logojfif_9814049.jpeg,,,,
,Harvard African Students Association,/images/default_club_logo_square.png,,,,
,Harvard Aikikai Club,/images/default_club_logo_square.png,,,,
,Harvard Archery Club,/images/default_club_logo_square.png,,,,
,Harvard Association Cultivating Inter-American Democracy,/images/default_club_logo_square.png,,,,
,Harvard Athletics Black Varsity Association,/images/default_club_logo_square.png,,,,
,Harvard Badminton Club,/images/default_club_logo_square.png,,,,
,Harvard Ballet Company,/upload/harvard/2022/s2_image_upload_2380393_hbc_logo_square_white_91916471.png,,,,
,Harvard Ballroom Dance Team,/upload/harvard/2022/s2_image_upload_2391005_hbdt_logo_copyjpg_8612335.jpeg,,,,
,Harvard Baseball Club,/images/default_club_logo_square.png,,,,
,Harvard Basketball Club (Men's Classics),/images/default_club_logo_square.png,,,,
,Harvard Basketball Club (Men's Hoopsters),/images/default_club_logo_square.png,,,,
,Harvard Black Men's Forum,/images/default_club_logo_square.png,,,,
,Harvard Black Students Association,/upload/harvard/2022/s2_image_upload_2387890_bsa_logo_white_bg_94105727.png,,,,
,Harvard Boxing Club,/images/default_club_logo_square.png,,,,
,Harvard Breakers Organization,/upload/harvard/2022/s2_image_upload_2380406_harvard_breakers_logo01_91203454.png,,,,
,Harvard Broomball Club,/images/default_club_logo_square.png,,,,
,Harvard Bulgarian Club,/images/default_club_logo_square.png,,,,
,Harvard Canadian Club,/images/default_club_logo_square.png,,,,
,Harvard Caribbean Club,/images/default_club_logo_square.png,,,,
,Harvard Cheerleading Club,/images/default_club_logo_square.png,,,,
,Harvard Chemistry Club,/images/default_club_logo_square.png,,,,
,Harvard Chess Club,/images/default_club_logo_square.png,,,,
,Harvard Christian Impact,/images/default_club_logo_square.png,,,,
,Harvard Classical Club,/images/default_club_logo_square.png,,,,
,Harvard Climbing Club,/images/default_club_logo_square.png,,,,
,Harvard College Act On A Dream Club,/images/default_club_logo_square.png,,,,
,Harvard College Albanian Students Association,/upload/harvard/2022/s2_image_upload_2380423_harvard_asa_logo_95201215.png,,,,
,Harvard College Anscombe Society,/images/default_club_logo_square.png,,,,
,Harvard College Association for the Promotion of Interplanetary Expansion (HAPIE),/images/default_club_logo_square.png,,,,
,Harvard College Association for U.S. - China Relations,/upload/harvard/2022/s2_image_upload_2381151_R_Abbrev_Logo_92591354.png,,,,
,Harvard College Association of Practice and Learning of Yan Xin Life Science & Technology,/images/default_club_logo_square.png,,,,
,Harvard College Baha'i Association,/images/default_club_logo_square.png,,,,
,Harvard College Bhangra,/upload/harvard/2022/s2_image_upload_2380435_BackgroundLogo_95122345.png,,,,
,Harvard College Black Pre-Law Association,/upload/harvard/2022/s2_image_upload_2381037_BPLA_Logo_3_95121724.png,,,,
,Harvard College Bowl,/images/default_club_logo_square.png,,,,
,Harvard College British Club,/upload/harvard/2022/s2_image_upload_2380363_profile_picture_BIG_109162641.png,,,,
,Harvard College Candela Latin Dance Troupe,/images/default_club_logo_square.png,,,,
,Harvard College Children's Stories,/images/default_club_logo_square.png,,,,
,Harvard College China Forum,/upload/harvard/2022/s2_image_upload_2385534_Logo_white_941209.png,,,,
,Harvard College Chinese International Students Society,/images/default_club_logo_square.png,,,,
,Harvard College Conservation Society,/upload/harvard/2022/s2_image_upload_2380741_Final_Logo_1010203440.png,,,,
,Harvard College Culinary Club,/images/default_club_logo_square.png,,,,
,Harvard College Debating Union,/upload/harvard/2022/s2_image_upload_2380452_Square_Logo_Colored_928135735.png,,,,
,Harvard College Deepam,/images/default_club_logo_square.png,,,,
,Harvard College Democrats,/images/default_club_logo_square.png,,,,
,Harvard College Economics Review,/images/default_club_logo_square.png,,,,
,Harvard College Effective Altruism,/images/default_club_logo_square.png,,,,
,Harvard College Engineering Society,/images/default_club_logo_square.png,,,,
,Harvard College Engineers Without Borders,/images/default_club_logo_square.png,,,,
,Harvard College Faith and Action,/images/default_club_logo_square.png,,,,
,Harvard College Francophone Society,/images/default_club_logo_square.png,,,,
,Harvard College French Club,/images/default_club_logo_square.png,,,,
,Harvard College Gap Year Society├é┬á,/images/default_club_logo_square.png,,,,
,Harvard College German Club,/images/default_club_logo_square.png,,,,
,Harvard College German Students Association,/images/default_club_logo_square.png,,,,
,Harvard College Global Research and Consulting Group,/images/default_club_logo_square.png,,,,
,Harvard College Half Asian People's Association,/images/default_club_logo_square.png,,,,
,Harvard College Hawaii Club,/images/default_club_logo_square.png,,,,
,Harvard College Health Policy Review,/images/default_club_logo_square.png,,,,
,Harvard College Healthcare Associates,/images/default_club_logo_square.png,,,,
,Harvard College Hellenic Society,/images/default_club_logo_square.png,,,,
,Harvard College iGEM,/images/default_club_logo_square.png,,,,
,Harvard College Impact Investing Group,/images/default_club_logo_square.png,,,,
,Harvard College in Asia Program,/upload/harvard/2022/s2_image_upload_2381741_HCAP_914142147.png,,,,
,Harvard College Interfaith Forum,/images/default_club_logo_square.png,,,,
,Harvard College Iranian Association,/images/default_club_logo_square.png,,,,
,Harvard College Korean International Student Association,/images/default_club_logo_square.png,,,,
,Harvard College Latinos in Health Careers,/upload/harvard/2022/s2_image_upload_2382246_lihc_logo_101022849.png,,,,
,Harvard College Medical Humanities Forum,/images/default_club_logo_square.png,,,,
,Harvard College Meditation Club,/images/default_club_logo_square.png,,,,
,Harvard College Mentors for Urban Debate,/images/default_club_logo_square.png,,,,
,Harvard College Musical Theater,/images/default_club_logo_square.png,,,,
,Harvard College Nigerian Students Association,/images/default_club_logo_square.png,,,,
,Harvard College Open Data Project,/images/default_club_logo_square.png,,,,
,Harvard College Opera Society,/images/default_club_logo_square.png,,,,
,Harvard College Orientation,/images/default_club_logo_square.png,,,,
,Harvard College Overdose Prevention and Education Students (HCOPES),/images/default_club_logo_square.png,,,,
,Harvard College Pakistani Students Association,/upload/harvard/2022/s2_image_upload_2380503_6688F396A9B84AAF8C336F90C6961975_95155756.png,,,,
,Harvard College Palestine Solidarity Committee,/upload/harvard/2022/s2_image_upload_2381337_PSC_Logo_927115752.png,,,,
,Harvard College Partners in Health Engage,/images/default_club_logo_square.png,,,,
,Harvard College Piano Society,/images/default_club_logo_square.png,,,,
,Harvard College Polish Society,/upload/harvard/2022/s2_image_upload_2380574_logojpg_910135958.jpeg,,,,
,Harvard College Pre-Veterinary Society,/images/default_club_logo_square.png,,,,
,Harvard College Project for Asian and International Relations,/images/default_club_logo_square.png,,,,
,Harvard College Queer Students and Allies,/upload/harvard/2022/s2_image_upload_2382097_qsajpg_9523445.jpeg,,,,
,Harvard College Running Club,/images/default_club_logo_square.png,,,,
,Harvard College Science Club for Girls,/images/default_club_logo_square.png,,,,
,Harvard College SHADE,/images/default_club_logo_square.png,,,,
,Harvard College Society for the Cinematic Arts,/upload/harvard/2022/s2_image_upload_2382006_HCSCA_Logojpg_108112534.jpeg,,,,
,Harvard College SoulFood Christian Fellowship,/images/default_club_logo_square.png,,,,
,Harvard College South Slavic Society,/images/default_club_logo_square.png,,,,
,Harvard College Sports Analysis Collective,/images/default_club_logo_square.png,,,,
,Harvard College Stand-Up Comic Society,/images/default_club_logo_square.png,,,,
,Harvard College Student Chapter of Storywish,/upload/harvard/2022/s2_image_upload_2391034_FINAL_harvard_storywish_logo_95122533.png,,,,
,Harvard College Student Chapter of the Massachusetts Menstrual Equity Coalition,/images/default_club_logo_square.png,,,,
,Harvard College Student Data Scientists,/upload/harvard/2022/s2_image_upload_2380548_data_sciencepngwebp_103134947.jpeg,,,,
,Harvard College Students for the Exploration and Development of Space (SEDS),/upload/harvard/2022/s2_image_upload_2381914_IMG_7261jpg_1050143.jpeg,,,,
,Harvard College Turkish Student Association,/images/default_club_logo_square.png,,,,
,Harvard College Undergraduate Research Association,/upload/harvard/2022/s2_image_upload_2380564_HCURA_Logo_1082164.png,,,,
,Harvard College Ventures,/images/default_club_logo_square.png,,,,
,Harvard College Video Game Development Club,/upload/harvard/2022/s2_image_upload_2382083_gd_logoPNG_95121348.jpeg,,,,
,Harvard College VISION Global Health Society (VISION).,/images/default_club_logo_square.png,,,,
,Harvard College Wine Society,/images/default_club_logo_square.png,,,,
,"Harvard Community of Humanists, Atheists, and Agnostics",/upload/harvard/2022/s2_image_upload_2380574_Logo_1jpg_916135755.jpeg,,,,
,Harvard Computer Society,/upload/harvard/2022/s2_image_upload_2380578_fbada05d14884974b2c16f0aaf08a2c9413c5fe490474684b58edefe17e51382jpg_95143737.jpeg,,,,
,Harvard Cricket Club,/images/default_club_logo_square.png,,,,
,Harvard Curling Club,/images/default_club_logo_square.png,,,,
,Harvard Cycling Club,/images/default_club_logo_square.png,,,,
,Harvard Debate Council,/images/default_club_logo_square.png,,,,
,Harvard Fencing Club,/images/default_club_logo_square.png,,,,
,Harvard Field Hockey Club,/images/default_club_logo_square.png,,,,
,Harvard Figure Skating Club,/images/default_club_logo_square.png,,,,
,Harvard Financial Analysts Club,/images/default_club_logo_square.png,,,,
,Harvard Flag Football Club,/images/default_club_logo_square.png,,,,
,Harvard Futsal Club,/images/default_club_logo_square.png,,,,
,Harvard Glee Club,/upload/harvard/2022/s2_image_upload_2391014_HGC_Logo_clear_BG_1_9410858.png,,,,
,Harvard Golf Club,/images/default_club_logo_square.png,,,,
,Harvard Hapkido Club,/images/default_club_logo_square.png,,,,
,Harvard Independent,/images/default_club_logo_square.png,,,,
,Harvard Intercollegiate Model United Nations,/upload/harvard/2022/s2_image_upload_2381088_06703e00d35349aaacb665e81fc5955406f37117d7a54f55aa6d0d6b7c3d23f6png_10424034.jpeg,,,,
,Harvard International Relations Council,/images/default_club_logo_square.png,,,,
,Harvard International Relations on Campus,/upload/harvard/2022/s2_image_upload_2381585_IRoC_logo_1010131355.png,,,,
,Harvard International Review,/images/default_club_logo_square.png,,,,
,Harvard Islamic Society,/images/default_club_logo_square.png,,,,
,Harvard Japan Society,/images/default_club_logo_square.png,,,,
,Harvard Jiu Jitsu Club,/upload/harvard/2022/s2_image_upload_2386683_Screen_Shot_20220928_at_112043_AM_101133127.png,,,,
,Harvard Karate Club,/upload/harvard/2022/s2_image_upload_2380605_harvard_karate_2PNG_10510388.jpeg,,,,
,Harvard Kendo Club,/images/default_club_logo_square.png,,,,
,Harvard Korean Association,/upload/harvard/2022/s2_image_upload_2381407_HKA_LOGO_95162254.png,,,,
,Harvard Krav Maga Club,/images/default_club_logo_square.png,,,,
,Harvard Lampoon,/images/default_club_logo_square.png,,,,
,Harvard Men's Ice Hockey Club,/images/default_club_logo_square.png,,,,
,Harvard Men's Lacrosse Club,/images/default_club_logo_square.png,,,,
,Harvard Men's Rugby Club,/images/default_club_logo_square.png,,,,
,Harvard Men's Soccer Club,/images/default_club_logo_square.png,,,,
,Harvard Men's Tennis Club,/images/default_club_logo_square.png,,,,
,Harvard Men's Ultimate Frisbee Club,/images/default_club_logo_square.png,,,,
,Harvard Men's Volleyball Club,/upload/harvard/2022/s2_image_upload_2382159_Note_Mar_22_2022_9218858.png,,,,
,Harvard Mock Trial Association,/upload/harvard/2022/s2_image_upload_2381037_Screen_Shot_20220905_at_10415_PM_9513745.png,,,,
,Harvard Model Congress,/upload/harvard/2022/s2_image_upload_2381756_hmc_logo_95135147.png,,,,
,Harvard Model Congress Asia,/upload/harvard/2022/s2_image_upload_2391061_HMCA_main_9510471.png,,,,
,Harvard Model Congress Europe,/images/default_club_logo_square.png,,,,
,Harvard Model Congress Middle East,/upload/harvard/2022/s2_image_upload_2381451_Screen_Shot_20210414_at_25152_PM_9520281.png,,,,
,Harvard Model Congress San Francisco,/upload/harvard/2022/s2_image_upload_2390958_HMCSF_Logo_Color_9411749.png,,,,
,Harvard Model United Nations,/upload/harvard/2022/s2_image_upload_2380338_HMUN_Logo_105112756.png,,,,
,Harvard Mountaineering Club,/images/default_club_logo_square.png,,,,
,Harvard National Model United Nations,/images/default_club_logo_square.png,,,,
,Harvard Neuroscience Undergraduate Society,/images/default_club_logo_square.png,,,,
,Harvard Opportunes,/images/default_club_logo_square.png,,,,
,Harvard Organ Society,/images/default_club_logo_square.png,,,,
,Harvard Organization for Latin America,/images/default_club_logo_square.png,,,,
,"Harvard Outing Club, Inc.",/images/default_club_logo_square.png,,,,
,Harvard Philippine Forum,/images/default_club_logo_square.png,,,,
,Harvard Polo Club,/images/default_club_logo_square.png,,,,
,Harvard Pops Orchestra,/images/default_club_logo_square.png,,,,
,Harvard Powerlifting Club,/images/default_club_logo_square.png,,,,
,Harvard Pre-Medical Society,/upload/harvard/2022/s2_image_upload_2380648_HPSLogo_911162249.png,,,,
,Harvard Program for International Education,/upload/harvard/2022/s2_image_upload_2382139_Copy_of_hpielogo_1_103212327.png,,,,
,Harvard Project SWIM Club,/images/default_club_logo_square.png,,,,
,Harvard Quidditch Club,/images/default_club_logo_square.png,,,,
,Harvard Radcliffe Institute,/images/default_club_logo_square.png,,,,
,"Harvard Radio Broadcasting, Inc",/upload/harvard/2022/s2_image_upload_2381689_cover13547462400x600jpg_95231446.jpeg,,,,
,Harvard Republican Club,/images/default_club_logo_square.png,,,,
,Harvard Review of Philosophy,/upload/harvard/2022/s2_image_upload_2390979_phi_logo21024x6832pdf_911191046.jpeg,,,,
,Harvard Right to Life,/upload/harvard/2022/s2_image_upload_2380662_image_95114625.jpeg,,,,
,Harvard Romanian Association,/images/default_club_logo_square.png,,,,
,Harvard Sailing Club,/images/default_club_logo_square.png,,,,
,Harvard Science Review,/images/default_club_logo_square.png,,,,
,Harvard Scuba Diving Club,/images/default_club_logo_square.png,,,,
,Harvard SEAS National Society of Black Engineers (NSBE),/images/default_club_logo_square.png,,,,
,Harvard SEAS Society of Hispanic Engineers,/upload/harvard/2022/s2_image_upload_2382048_SHPE_Logo_1_1010152212.png,,,,
,Harvard SEAS Society of Women Engineers (SWE),/images/default_club_logo_square.png,,,,
,Harvard Shooting Club├é┬á,/images/default_club_logo_square.png,,,,
,Harvard Ski Club,/images/default_club_logo_square.png,,,,
,"Harvard Society for Mind, Brain, and Behavior",/images/default_club_logo_square.png,,,,
,Harvard Society of Black Scientists and Engineers,/upload/harvard/2022/s2_image_upload_2381522_logoPNG_9511521.jpeg,,,,
,Harvard South Asian Association,/images/default_club_logo_square.png,,,,
,Harvard Squash Club,/images/default_club_logo_square.png,,,,
,Harvard Student Agencies,/upload/harvard/2022/s2_image_upload_2391166_HSA_logo__1010151026.png,,,,
,Harvard Swimming Club,/upload/harvard/2022/s2_image_upload_2384075_Club_Swim_Logo_10294719.png,,,,
,Harvard Table Tennis Club,/images/default_club_logo_square.png,,,,
,Harvard Taekwondo Club,/upload/harvard/2022/s2_image_upload_2380688_HTKD_logojpg_10913813.jpeg,,,,
,Harvard Taiwanese Cultural Society,/images/default_club_logo_square.png,,,,
,Harvard TAPS,/upload/harvard/2022/s2_image_upload_2380691_Harvard_TAPS_Logo_81774914.png,,,,
,Harvard Undergraduate Alexander Hamilton Society,/images/default_club_logo_square.png,,,,
,Harvard Undergraduate Alternative Investment Club,/upload/harvard/2022/s2_image_upload_2381318_Square_LogoPNG_103233230.jpeg,,,,
,Harvard Undergraduate Arkansas Club,/upload/harvard/2022/s2_image_upload_2382124_HUAC_2_108162737.png,,,,
,Harvard Undergraduate Art History Society,/images/default_club_logo_square.png,,,,
,Harvard Undergraduate Arts & Crafts Club,/images/default_club_logo_square.png,,,,
,Harvard Undergraduate Asian Varsity Athletes Association,/images/default_club_logo_square.png,,,,
,Harvard Undergraduate Assocation,/upload/harvard/2022/s2_image_upload_2384416_HUA_bold_design_10_910194620.png,,,,
,Harvard Undergraduate Astronomy Society,/upload/harvard/2022/s2_image_upload_2381997_AstroSoc_Background_93133624.png,,,,
,Harvard Undergraduate Automotive Society,/upload/harvard/2022/s2_image_upload_2380708_HUAS_Shield_107163131.png,,,,
,Harvard Undergraduate Biomedical Sciences Forum,/images/default_club_logo_square.png,,,,
,Harvard Undergraduate Black Community Leaders,/images/default_club_logo_square.png,,,,
,Harvard Undergraduate Black Consulting (HUBC),/upload/harvard/2022/s2_image_upload_2382223_HUBClogo_913165939.png,,,,
,Harvard Undergraduate Black Health Advocates,/upload/harvard/2022/s2_image_upload_2386151_HUBHA_logo_9519952.png,,,,
,Harvard Undergraduate Black Premedical Society,/images/default_club_logo_square.png,,,,
,Harvard Undergraduate Blockchain Club,/images/default_club_logo_square.png,,,,
,Harvard Undergraduate Brazilian Association,/images/default_club_logo_square.png,,,,
,Harvard Undergraduate Capital Partners,/upload/harvard/2022/s2_image_upload_2381801_harvardlight4x_941202.png,,,,
,Harvard Undergraduate Christian Fellowship,/images/default_club_logo_square.png,,,,
,Harvard Undergraduate Clean Energy Group,/images/default_club_logo_square.png,,,,
,Harvard Undergraduate Coffee Society,/images/default_club_logo_square.png,,,,
,Harvard Undergraduate Consulting on Business and the Environment,/images/default_club_logo_square.png,,,,
,Harvard Undergraduate Creative Writing Collective,/upload/harvard/2022/s2_image_upload_2380272_temp_profil_pic3_98212346.png,,,,
,Harvard Undergraduate Cybersecurity Club,/upload/harvard/2022/s2_image_upload_2390977_logo_927114650.png,,,,
,Harvard Undergraduate Data Analytics Group,/images/default_club_logo_square.png,,,,
,Harvard Undergraduate Design Collective,/images/default_club_logo_square.png,,,,
,Harvard Undergraduate Disability Justice Club,/upload/harvard/2022/s2_image_upload_2380358_HUDJ_Logo_1072039.jpeg,,,,
,Harvard Undergraduate Dominican Student Association,/upload/harvard/2022/s2_image_upload_2381064_Logo_Copyjpg_1020225236.jpeg,,,,
,Harvard Undergraduate Economics Association,/images/default_club_logo_square.png,,,,
,Harvard Undergraduate Ethics Bowl,/upload/harvard/2022/s2_image_upload_2381895_EthicsBowlZoomBackground_1_107101315.png,,,,
,Harvard Undergraduate Feminist Comedy Collective,/images/default_club_logo_square.png,,,,
,Harvard Undergraduate Filmmakers Association,/images/default_club_logo_square.png,,,,
,Harvard Undergraduate Fishing Club,/images/default_club_logo_square.png,,,,
,HARVARD UNDERGRADUATE FOREIGN POLICY INITIATIVE,/upload/harvard/2022/s2_image_upload_2380746_Copy_of_HUPFIfullsansserif4x8_1_828115937.png,,,,
,Harvard Undergraduate Gaming Group,/upload/harvard/2022/s2_image_upload_2380748_HUGG3_1_96215932.png,,,,
,Harvard Undergraduate Ghungroo,/images/default_club_logo_square.png,,,,
,Harvard Undergraduate Global Alliance for Medical Innovation,/images/default_club_logo_square.png,,,,
,Harvard Undergraduate Global Education Movement,/images/default_club_logo_square.png,,,,
,Harvard Undergraduate Global Health Forum,/upload/harvard/2022/s2_image_upload_2380750_image_10816203.png,,,,
,Harvard Undergraduate Group Peer Therapy (HUGPT),/images/default_club_logo_square.png,,,,
,Harvard Undergraduate Initiative for Technology and Society,/images/default_club_logo_square.png,,,,
,Harvard Undergraduate Interdisciplinary Immunology Club,/images/default_club_logo_square.png,,,,
,Harvard Undergraduate Knitting Circle,/upload/harvard/2022/s2_image_upload_2380762_Logo_centered_white_backgroundjpg_912142716.jpeg,,,,
,Harvard Undergraduate Latinxs in Finance & Technology,/images/default_club_logo_square.png,,,,
,Harvard Undergraduate Linguistics Society,/upload/harvard/2022/s2_image_upload_2380887_huls_logo_10416278.png,,,,
,Harvard Undergraduate Maarga,/upload/harvard/2022/s2_image_upload_2380768_Harvard_Undergraduate_Maarga_Logo_91818468.png,,,,
,Harvard Undergraduate Machine Intelligence Community,/images/default_club_logo_square.png,,,,
,Harvard Undergraduate Minecraft Club,/upload/harvard/2022/s2_image_upload_2380772_thmc_829124125.png,,,,
,Harvard Undergraduate New Mexico Club,/images/default_club_logo_square.png,,,,
,Harvard Undergraduate Nordic Club,/images/default_club_logo_square.png,,,,
,Harvard Undergraduate Obstacle Course Racing Club,/upload/harvard/2022/s2_image_upload_2380775_HUOCRC_1_cropped_94125143.png,,,,
,Harvard Undergraduate Pediatric Cancer Buddies,/images/default_club_logo_square.png,,,,
,Harvard Undergraduate Poker Club,/upload/harvard/2022/s2_image_upload_2382129_Logojpg_104144137.jpeg,,,,
,Harvard Undergraduate Pre-Dental Society,/images/default_club_logo_square.png,,,,
,Harvard Undergraduate PRIMUS,/images/default_club_logo_square.png,,,,
,Harvard Undergraduate Psychedelics Club,/upload/harvard/2022/s2_image_upload_2380786_harvard_psychedelics_logo_old_iowajpg_91165548.jpeg,,,,
,Harvard Undergraduate Puzzle Club,/images/default_club_logo_square.png,,,,
,Harvard Undergraduate Real Estate Investment Group,/images/default_club_logo_square.png,,,,
,Harvard Undergraduate Robotics Club,/upload/harvard/2022/s2_image_upload_2381616_Hurc_Logo_929162222.png,,,,
,Harvard Undergraduate Salon for the Sciences and Humanities,/images/default_club_logo_square.png,,,,
,Harvard Undergraduate Science Olympiad,/images/default_club_logo_square.png,,,,
,Harvard Undergraduate Sewciety,/images/default_club_logo_square.png,,,,
,Harvard Undergraduate Skate Club,/images/default_club_logo_square.png,,,,
,Harvard Undergraduate Snowboarding Club,/images/default_club_logo_square.png,,,,
,Harvard Undergraduate Society of Anthropologists,/images/default_club_logo_square.png,,,,
,Harvard Undergraduate Songwriters' Collective,/images/default_club_logo_square.png,,,,
,Harvard Undergraduate South Asian Americans in Public Service,/images/default_club_logo_square.png,,,,
,Harvard Undergraduate Spanish Association,/images/default_club_logo_square.png,,,,
,Harvard Undergraduate Sports Lab,/upload/harvard/2022/s2_image_upload_2380749_0_929153957.png,,,,
,Harvard Undergraduate Student Art Collective,/images/default_club_logo_square.png,,,,
,Harvard Undergraduate Students for Myanmar,/images/default_club_logo_square.png,,,,
,Harvard Undergraduate Taiwan Leadership Conference,/images/default_club_logo_square.png,,,,
,Harvard Undergraduate Task Force for Asian American Progressive Advocacy and Studies,/images/default_club_logo_square.png,,,,
,Harvard Undergraduate Technology Review,/upload/harvard/2022/s2_image_upload_2381654_croppedHTRA4webp_1010161446.jpeg,,,,
,Harvard Undergraduate Tibetan Cultural Association,/upload/harvard/2022/s2_image_upload_2383925_Screen_Shot_20220906_at_55255_PM_9915374.png,,,,
,Harvard Undergraduate UNICEF Club,/images/default_club_logo_square.png,,,,
,Harvard Undergraduate United Nations Association,/images/default_club_logo_square.png,,,,
,Harvard Undergraduate Venture Capital Group,/upload/harvard/2022/s2_image_upload_2382137_IMG_0104_2_925172623.jpeg,,,,
,Harvard Undergraduate Veritas Forum,/images/default_club_logo_square.png,,,,
,Harvard Undergraduate Veterans Organization,/images/default_club_logo_square.png,,,,
,Harvard Undergraduate Women Entrepreneurship,/upload/harvard/2022/s2_image_upload_2380825_Screenshot_20220227_at_214314_10510360.png,,,,
,Harvard Undergraduate Women In Business,/upload/harvard/2022/s2_image_upload_2391012_logonew_918155533.png,,,,
,Harvard Undergraduate Women in Computer Science,/images/default_club_logo_square.png,,,,
,Harvard Undergraduate Women in Foreign Policy,/upload/harvard/2022/s2_image_upload_2380832_logo4_2PNG_9913319.jpeg,,,,
,Harvard Undergraduate Women in Medicine,/upload/harvard/2022/s2_image_upload_2380833_WiMLogo_99144654.png,,,,
,Harvard Undergraduate World Pre-Health Conference├é┬á,/upload/harvard/2022/s2_image_upload_2381067_WPC_Logo_96163319.jpeg,,,,
,Harvard Undergraduates for Bipartisan Solutions,/upload/harvard/2022/s2_image_upload_2391021_HUBS_Logo_1_108192147.png,,,,
,Harvard Undergraduates for Environmental Justice,/images/default_club_logo_square.png,,,,
,Harvard Undergraduates for Inclusion in Economics,/upload/harvard/2022/s2_image_upload_2389319_Logo_822163253.png,,,,
,Harvard Undergraduates of New Zealand,/upload/harvard/2022/s2_image_upload_2380845_HUNZ_logojpg_10522656.jpeg,,,,
,Harvard University Band,/upload/harvard/2022/s2_image_upload_2380273_hub_Stencil_Logo_removebgpreview2022_106172053.png,,,,
,Harvard University Choir,/images/default_club_logo_square.png,,,,
,Harvard Vietnamese Association,/images/default_club_logo_square.png,,,,
,Harvard Wind Ensemble,/upload/harvard/2022/s2_image_upload_2380414_WE_Logo_913122442.png,,,,
,Harvard Women's Basketball Club (Women's Hoopsters),/images/default_club_logo_square.png,,,,
,Harvard Women's Ice Hockey Club,/upload/harvard/2022/s2_image_upload_2380851_hwihc_full_logo_20221024_1_10724647.png,,,,
,Harvard Women's Lacrosse Club,/images/default_club_logo_square.png,,,,
,Harvard Women's Soccer Club,/images/default_club_logo_square.png,,,,
,Harvard Women's Tennis Club,/images/default_club_logo_square.png,,,,
,Harvard Women's Ultimate Frisbee Club,/upload/harvard/2022/s2_image_upload_2385558_ShieldDarkCrimsonjpg_928193052.jpeg,,,,
,Harvard Women's Volleyball Club,/images/default_club_logo_square.png,,,,
,Harvard Women's Wrestling Club,/images/default_club_logo_square.png,,,,
,Harvard World Model United Nations,/upload/harvard/2022/s2_image_upload_2384622_Instagram_post_4_97123625.jpeg,,,,
,Harvard Wushu Club,/images/default_club_logo_square.png,,,,
,"Harvard Yearbook Publications, Inc.",/images/default_club_logo_square.png,,,,
,Harvard-Radcliffe Asian American Association,/images/default_club_logo_square.png,,,,
,Harvard-Radcliffe Asian American Christian Fellowship,/images/default_club_logo_square.png,,,,
,Harvard-Radcliffe Asian American Womxn's Association,/images/default_club_logo_square.png,,,,
,Harvard-Radcliffe Chinese Students Association,/upload/harvard/2022/s2_image_upload_2380873_Red_Logo_1010172317.png,,,,
,Harvard-Radcliffe Collegium Musicum,/images/default_club_logo_square.png,,,,
,Harvard-Radcliffe Dramatic Club,/upload/harvard/2022/s2_image_upload_2380877_logorectwebp_99143136.jpeg,,,,
,Harvard-Radcliffe Gilbert & Sullivan Players,/upload/harvard/2022/s2_image_upload_2380879_HRGSP_logo_99202018.png,,,,
,Harvard-Radcliffe Modern Dance Company,/upload/harvard/2022/s2_image_upload_2381215_Hrmdc_logo_814113732.png,,,,
,Harvard-Radcliffe Mozart Society Orchestra,/images/default_club_logo_square.png,,,,
,Harvard-Radcliffe Orchestra,/images/default_club_logo_square.png,,,,
,Harvard-Radcliffe Science Fiction Association,/upload/harvard/2022/s2_image_upload_2381855_hrsfalogo_92011153.png,,,,
,Harvard-Radcliffe Veritones,/upload/harvard/2022/s2_image_upload_2380892_veritones_logo_2019_basic_filled_transparent_911112848.png,,,,
,Harvard/Radcliffe RAZA,/upload/harvard/2022/s2_image_upload_2391027_RAZA_LogoBlack_copy3_1113144113.png,,,,
,Harvardwood: Undergraduate Chapter,/images/default_club_logo_square.png,,,,
,Hasty Pudding Theatricals,/images/default_club_logo_square.png,,,,
,Human Evolutionary Biology Student Club,/images/default_club_logo_square.png,,,,
,Humans of Harvard College,/images/default_club_logo_square.png,,,,
,Hyperion Shakespeare Company,/images/default_club_logo_square.png,,,,
,Immediate Gratification Players,/images/default_club_logo_square.png,,,,
,Indigo Magazine,/images/default_club_logo_square.png,,,,
,Indigo Peer Counseling,/images/default_club_logo_square.png,,,,
,Institute of Politics,/upload/harvard/2022/s2_image_upload_2391021_1_11322403.png,,,,
,Kidney Disease Screening and Awareness Program,/images/default_club_logo_square.png,,,,
,Kirkland House Committee,/images/default_club_logo_square.png,,,,
,Latinas Unidas de Harvard College,/upload/harvard/2022/s2_image_upload_2380906_LULogo_108184510.jpeg,,,,
,Leadership Institute at Harvard College,/images/default_club_logo_square.png,,,,
,Leadership Institute for the First-Year Experience,/images/default_club_logo_square.png,,,,
,Leverett House Committee,/images/default_club_logo_square.png,,,,
,Lowell House Committee,/images/default_club_logo_square.png,,,,
,Lowell House Society of Russian Bell Ringers at Harvard College,/images/default_club_logo_square.png,,,,
,MakeHarvardCollege,/images/default_club_logo_square.png,,,,
,Mariachi Veritas de Harvard,/images/default_club_logo_square.png,,,,
,Mather House Committee,/images/default_club_logo_square.png,,,,
,MEDLIFE- Harvard College Student Chapter,/upload/harvard/2022/s2_image_upload_2386521_IMG_1815jpg_96135323.jpeg,,,,
,Mobile Test,/images/default_club_logo_square.png,,,,
,Model Security Council,/images/default_club_logo_square.png,,,,
,Music in Hospitals and Nursing Homes Using Entertainment as Therapy,/images/default_club_logo_square.png,,,,
,National Society of Black Physicists at Harvard College,/images/default_club_logo_square.png,,,,
,Natives at Harvard College,/upload/harvard/2022/s2_image_upload_2380915_NAHC_Logo_10321615.png,,,,
,Network of Enlightened Women (NeW) at Harvard College,/images/default_club_logo_square.png,,,,
,New Songs Theatricals,/images/default_club_logo_square.png,,,,
,Noteables,/images/default_club_logo_square.png,,,,
,Omo Naija x The Wahala Boys Dance Troupe,/upload/harvard/2022/s2_logo_35990_94105635.jpg,,,,
,On Thin Ice,/images/default_club_logo_square.png,,,,
,Organization of Asian American Sisters in Service,/images/default_club_logo_square.png,,,,
,Organize,/upload/harvard/2022/s2_image_upload_2380926_Untitled_Artwork_91119925.png,,,,
,Orthodox Christian Fellowship of Harvard College,/images/default_club_logo_square.png,,,,
,PALABRITAS,/images/default_club_logo_square.png,,,,
,Passus: Harvard College Step Team,/images/default_club_logo_square.png,,,,
,PBHA Housing Opportunities Program,/images/default_club_logo_square.png,,,,
,PBHA Mission Hill Afterschool Program,/images/default_club_logo_square.png,,,,
,PBHA Recreational Experience and Arts Creativity with Harvard,/images/default_club_logo_square.png,,,,
,PBHA's 1-2-1 Boston Refugee Youth Enrichment,/images/default_club_logo_square.png,,,,
,PBHA'S Alternative Spring Breaks,/images/default_club_logo_square.png,,,,
,PBHA's Best Buddies,/images/default_club_logo_square.png,,,,
,PBHA's Boston Refugee Youth Enrichment Afterschool,/images/default_club_logo_square.png,,,,
,PBHA's Boston Refugee Youth Enrichment Extension,/images/default_club_logo_square.png,,,,
,PBHA's Boston Refugee Youth Enrichment Summer Program,/images/default_club_logo_square.png,,,,
,PBHA's Boston Refugee Youth Enrichment Teen Mentoring,/images/default_club_logo_square.png,,,,
,PBHA's Cambridge After-School Program,/images/default_club_logo_square.png,,,,
,PBHA's Cambridge Youth Enrichment Program,/images/default_club_logo_square.png,,,,
,PBHA's CHANCE,/images/default_club_logo_square.png,,,,
,PBHA's Chinatown Adventure,/images/default_club_logo_square.png,,,,
,PBHA's Chinatown Afterschool Program,/images/default_club_logo_square.png,,,,
,PBHA's Chinatown Big Sibling Program,/images/default_club_logo_square.png,,,,
,PBHA's Chinatown Citizenship Program,/images/default_club_logo_square.png,,,,
,PBHA's Chinatown ESL Program,/images/default_club_logo_square.png,,,,
,PBHA's Chinatown Teen Mentoring,/images/default_club_logo_square.png,,,,
,PBHA's CIVICS,/images/default_club_logo_square.png,,,,
,PBHA's Connelly Center Youth Prison Tutoring Program,/images/default_club_logo_square.png,,,,
,PBHA's David Walker Scholars Program,/images/default_club_logo_square.png,,,,
,PBHA's Deaf Awareness Club,/images/default_club_logo_square.png,,,,
,PBHA's Elderly 1-2-1,/images/default_club_logo_square.png,,,,
,PBHA's Environmental Action Committee,/images/default_club_logo_square.png,,,,
,PBHA's Experimentors,/images/default_club_logo_square.png,,,,
,PBHA's Franklin After School Enrichment,/images/default_club_logo_square.png,,,,
,PBHA's Franklin I-O Summer Program,/images/default_club_logo_square.png,,,,
,PBHA's HARMONY Mentoring,/images/default_club_logo_square.png,,,,
,PBHA's Harvard Artists for Alzheimer's,/images/default_club_logo_square.png,,,,
,PBHA's Harvard College Alzheimer's Buddies Program,/images/default_club_logo_square.png,,,,
,PBHA's Harvard College Youth Leadership Initiative,/images/default_club_logo_square.png,,,,
,PBHA's Harvard Habitat for Humanity,/images/default_club_logo_square.png,,,,
,PBHA's Harvard S.T.A.G.E. - Student Theater Advancing Growth & Empowerment,/images/default_club_logo_square.png,,,,
,PBHA's Harvard Small Claims Advisory Service,/images/default_club_logo_square.png,,,,
,PBHA's Harvard Square Homeless Shelter,/images/default_club_logo_square.png,,,,
,PBHA's Keylatch Afterschool Program,/images/default_club_logo_square.png,,,,
,PBHA's Keylatch Mentor Program,/images/default_club_logo_square.png,,,,
,PBHA's Keylatch Summer Program,/images/default_club_logo_square.png,,,,
,PBHA's Kids with Special Needs Achievement Program,/images/default_club_logo_square.png,,,,
,PBHA's LEADERS! Summer Program,/images/default_club_logo_square.png,,,,
,PBHA's LEADERS! Term,/images/default_club_logo_square.png,,,,
,PBHA's Mission Hill Summer Program,/images/default_club_logo_square.png,,,,
,PBHA's Mission Mentor,/images/default_club_logo_square.png,,,,
,PBHA's Native American Youth Enrichment Program Summer,/images/default_club_logo_square.png,,,,
,PBHA's Partners Empowering Neighborhoods,/images/default_club_logo_square.png,,,,
,PBHA's Peer Health Exchange,/images/default_club_logo_square.png,,,,
,PBHA's Pets as Therapy,/images/default_club_logo_square.png,,,,
,PBHA's Recent Immigrant Term-Time Enrichment,/images/default_club_logo_square.png,,,,
,PBHA's Refugee Youth Summer Enrichment,/images/default_club_logo_square.png,,,,
,PBHA's Roxbury Youth Initiative Summer,/images/default_club_logo_square.png,,,,
,PBHA's Roxbury Youth Initiative Term,/images/default_club_logo_square.png,,,,
,PBHA's South Boston Afteschool Program,/images/default_club_logo_square.png,,,,
,PBHA's South Boston Outreach Summer,/images/default_club_logo_square.png,,,,
,"PBHA's Strong Women, Strong Girls",/images/default_club_logo_square.png,,,,
,PBHA's Student Labor Action Movement,/images/default_club_logo_square.png,,,,
,PBHA's Suffolk Prison Education,/images/default_club_logo_square.png,,,,
,PBHA's The Athena Program,/images/default_club_logo_square.png,,,,
,PBHA's Undergraduate Legal Committee,/images/default_club_logo_square.png,,,,
,PBHA's Women's Empowerment and Prison Education Program,/images/default_club_logo_square.png,,,,
,PBHA's Y2Y Harvard Square,/images/default_club_logo_square.png,,,,
,PBHA's Youth Recreation Program- HOOPs,/images/default_club_logo_square.png,,,,
,Personal Finance & Consulting Group,/images/default_club_logo_square.png,,,,
,Pforzheimer House Committee,/images/default_club_logo_square.png,,,,
,Phillips Brooks House Association,/images/default_club_logo_square.png,,,,
,Phillips Brooks House Center for Public Service & Engaged Scholarship,/images/default_club_logo_square.png,,,,
,PRISM,/images/default_club_logo_square.png,,,,
,Quantum Computing Association,/upload/harvard/2022/s2_image_upload_2391081_QCALogo_9816354.png,,,,
,Quincy House Committee,/images/default_club_logo_square.png,,,,
,Radcliffe Choral Society,/images/default_club_logo_square.png,,,,
,Response,/images/default_club_logo_square.png,,,,
,Room 13,/images/default_club_logo_square.png,,,,
,SACH: Harvard Undergraduate Sikh Student Association,/images/default_club_logo_square.png,,,,
,Sexual Health Education & Advocacy throughout Harvard College,/images/default_club_logo_square.png,,,,
,"Singapore, Indonesia and Malaysia Association",/images/default_club_logo_square.png,,,,
,Smart Woman Securities,/images/default_club_logo_square.png,,,,
,Society of Harvard-Undergraduate Magicians,/images/default_club_logo_square.png,,,,
,South African Society,/images/default_club_logo_square.png,,,,
,South Asian Men├óÔé¼Ôäós Collective,/images/default_club_logo_square.png,,,,
,South Asian Music Association,/images/default_club_logo_square.png,,,,
,South Asian Women's Collective,/upload/harvard/2022/s2_image_upload_2380756_SAWC_logo_911174841.png,,,,
,STRIVE,/images/default_club_logo_square.png,,,,
,Student Astronomers at Harvard-Radcliffe,/upload/harvard/2022/s2_image_upload_2382225_STAHR_Logo_91415636.png,,,,
,Student Organization Center at Hilles (SOCH),/upload/harvard/2022/s2_image_upload_2380267_Unknown2_66164044.png,,,,
,Studio Art Society,/images/default_club_logo_square.png,,,,
,TAMID Israel Investment Group,/images/default_club_logo_square.png,,,,
,TEDxHarvard College,/images/default_club_logo_square.png,,,,
,Tempus: The Harvard College History Review,/images/default_club_logo_square.png,,,,
,The Aleph,/images/default_club_logo_square.png,,,,
,The Cuban-American Undergraduate Student Association,/images/default_club_logo_square.png,,,,
,The Fleur-de-Lis Club,/images/default_club_logo_square.png,,,,
,The Food Lab for Kids @ Harvard College,/images/default_club_logo_square.png,,,,
,The Harvard Advocate,/images/default_club_logo_square.png,,,,
,The Harvard Callbacks,/upload/harvard/2022/s2_image_upload_2382127_CB_Logojpg_109195326.jpeg,,,,
,The Harvard Crimson,/images/default_club_logo_square.png,,,,
,The Harvard Din & Tonics,/upload/harvard/2022/s2_image_upload_2383602_Pinterest_logo_background_rem_94111925.png,,,,
,The Harvard Foundation,/images/default_club_logo_square.png,,,,
,The Harvard Ichthus,/images/default_club_logo_square.png,,,,
,The Harvard Krokodiloes,/upload/harvard/2022/s2_image_upload_2387898_Krok_logo_image_words_correct_green_916184443.png,,,,
,The Harvard LowKeys,/images/default_club_logo_square.png,,,,
,The Harvard Undergraduate Chapter of Scholars of Finance,/images/default_club_logo_square.png,,,,
,The Harvard Undergraduate Drummers (THUD),/upload/harvard/2022/s2_image_upload_2388208_thud_logo_9495225.png,,,,
,The Harvard University Jazz Bands,/images/default_club_logo_square.png,,,,
,The Ivy,/images/default_club_logo_square.png,,,,
,The John Adams Society: A Harvard College Debating Society,/images/default_club_logo_square.png,,,,
,The Kali Praxi,/upload/harvard/2022/s2_image_upload_2381452_image_copy_9716930.png,,,,
,The Kuumba Singers of Harvard College,/images/default_club_logo_square.png,,,,
,The Lavender Room,/images/default_club_logo_square.png,,,,
,The Lowell House Opera Society,/images/default_club_logo_square.png,,,,
,The Oak Club,/upload/harvard/2022/s2_image_upload_2381006_Screen_Shot_20221004_at_90914_PM_109143332.png,,,,
,The Radcliffe Pitches,/upload/harvard/2022/s2_image_upload_2386408_PitchesLogo_9412531.png,,,,
,The River Charles Ensemble,/images/default_club_logo_square.png,,,,
,The Sab Club,/images/default_club_logo_square.png,,,,
,The Salient├é┬á,/images/default_club_logo_square.png,,,,
,"The Seneca, Inc.",/images/default_club_logo_square.png,,,,
,The Voting Booth,/upload/harvard/2022/s2_image_upload_2380263_Screen_Shot_20220909_at_103847_AM_99104457.png,,,,
,The Wellness Educators,/upload/harvard/2022/s2_image_upload_2382037_WE_Logo_WhiteOnGreen_Circle_91694842.png,,,,
,Three Letter Acronym,/images/default_club_logo_square.png,,,,
,Under the Surface: The Harvard Undergraduate Mental Health Magazine,/images/default_club_logo_square.png,,,,
,Undergraduate Women of Harvard Athletics,/images/default_club_logo_square.png,,,,
,Winthrop House Committee,/images/default_club_logo_square.png,,,,
,Women In STEM at Harvard-Radcliffe,/images/default_club_logo_square.png,,,,
,Women of Color Collective,/images/default_club_logo_square.png,,,,
,Women's Cabinet,/images/default_club_logo_square.png,,,,
,Woodbridge International Society,/upload/harvard/2022/s2_image_upload_2381838_Harvard_Woodbridge_Logo_9410563.png,,,,
,Writing and Public Service Initiative (WPSI) at Harvard College,/images/default_club_logo_square.png,,,,